,Unnamed: 0.1,iso_code,location,date,total_cases,total_deaths,stringency_index,population,gdp_per_capita,human_development_index,Country_x,Region,Area (sq. mi.),KEYCODE&DATE,DATE,Country_y,European Union,Area (kmÂ²),European Single Market,Week_Num,Month,day,dayz,Dates,Wednesdays,Cases_x_Area,Cases_x_Pop,Deaths_%_Cases,PopKM2,Stringency_Indexed,Country,Econ_Block,Weekly_Cases,Weekly_Deaths,Stringency_IndexL4_L5
371,2806,AUT,Austria,2020-03-18,1332.0,3.0,85.19,9006400,45436.686,0.908,Austria,WESTERN EUROPE                     ,83870.0,AUT2020-03-18,2020-03-18,Austria,Member,83855.0,Member,11,Mar,Wednesday,78,20200318,True,0.0,0.0,0.2,107.4,4.0,Austria,EU,1150.0,,True
372,2813,AUT,Austria,2020-03-25,5282.0,30.0,85.19,9006400,45436.686,0.908,Austria,WESTERN EUROPE                     ,83870.0,AUT2020-03-25,2020-03-25,Austria,Member,83855.0,Member,12,Mar,Wednesday,85,20200325,True,0.1,0.0,0.6,107.4,4.0,Austria,EU,3950.0,27.0,True
373,2820,AUT,Austria,2020-04-01,10182.0,128.0,85.19,9006400,45436.686,0.908,Austria,WESTERN EUROPE                     ,83870.0,AUT2020-04-01,2020-04-01,Austria,Member,83855.0,Member,13,Apr,Wednesday,92,20200401,True,0.1,0.0,1.3,107.4,4.0,Austria,EU,4900.0,98.0,True
374,2827,AUT,Austria,2020-04-08,12640.0,243.0,85.19,9006400,45436.686,0.908,Austria,WESTERN EUROPE                     ,83870.0,AUT2020-04-08,2020-04-08,Austria,Member,83855.0,Member,14,Apr,Wednesday,99,20200408,True,0.2,0.0,1.9,107.4,4.0,Austria,EU,2458.0,115.0,True
375,2834,AUT,Austria,2020-04-15,14234.0,384.0,81.48,9006400,45436.686,0.908,Austria,WESTERN EUROPE                     ,83870.0,AUT2020-04-15,2020-04-15,Austria,Member,83855.0,Member,15,Apr,Wednesday,106,20200415,True,0.2,0.0,2.7,107.4,4.0,Austria,EU,1594.0,141.0,True
376,2841,AUT,Austria,2020-04-22,14833.0,463.0,81.48,9006400,45436.686,0.908,Austria,WESTERN EUROPE                     ,83870.0,AUT2020-04-22,2020-04-22,Austria,Member,83855.0,Member,16,Apr,Wednesday,113,20200422,True,0.2,0.0,3.1,107.4,4.0,Austria,EU,599.0,79.0,True
377,2848,AUT,Austria,2020-04-29,15314.0,569.0,78.7,9006400,45436.686,0.908,Austria,WESTERN EUROPE                     ,83870.0,AUT2020-04-29,2020-04-29,Austria,Member,83855.0,Member,17,Apr,Wednesday,120,20200429,True,0.2,0.0,3.7,107.4,4.0,Austria,EU,481.0,106.0,True
615,4645,BEL,Belgium,2020-03-18,3098.0,62.0,73.15,11589616,42658.576,0.916,Belgium,WESTERN EUROPE                     ,30528.0,BEL2020-03-18,2020-03-18,Belgium,Member,30528.0,Member,11,Mar,Wednesday,78,20200318,True,0.1,0.0,2.0,379.6,4.0,Belgium,EU,2324.0,58.0,True
616,4652,BEL,Belgium,2020-03-25,9150.0,478.0,81.48,11589616,42658.576,0.916,Belgium,WESTERN EUROPE                     ,30528.0,BEL2020-03-25,2020-03-25,Belgium,Member,30528.0,Member,12,Mar,Wednesday,85,20200325,True,0.3,0.0,5.2,379.6,4.0,Belgium,EU,6052.0,416.0,True
617,4659,BEL,Belgium,2020-04-01,18493.0,1608.0,81.48,11589616,42658.576,0.916,Belgium,WESTERN EUROPE                     ,30528.0,BEL2020-04-01,2020-04-01,Belgium,Member,30528.0,Member,13,Apr,Wednesday,92,20200401,True,0.6,0.0,8.7,379.6,4.0,Belgium,EU,9343.0,1130.0,True
618,4666,BEL,Belgium,2020-04-08,28299.0,3434.0,81.48,11589616,42658.576,0.916,Belgium,WESTERN EUROPE                     ,30528.0,BEL2020-04-08,2020-04-08,Belgium,Member,30528.0,Member,14,Apr,Wednesday,99,20200408,True,0.9,0.0,12.1,379.6,4.0,Belgium,EU,9806.0,1826.0,True
619,4673,BEL,Belgium,2020-04-15,38157.0,5375.0,81.48,11589616,42658.576,0.916,Belgium,WESTERN EUROPE                     ,30528.0,BEL2020-04-15,2020-04-15,Belgium,Member,30528.0,Member,15,Apr,Wednesday,106,20200415,True,1.2,0.0,14.1,379.6,4.0,Belgium,EU,9858.0,1941.0,True
620,4680,BEL,Belgium,2020-04-22,45713.0,6814.0,81.48,11589616,42658.576,0.916,Belgium,WESTERN EUROPE                     ,30528.0,BEL2020-04-22,2020-04-22,Belgium,Member,30528.0,Member,16,Apr,Wednesday,113,20200422,True,1.5,0.0,14.9,379.6,4.0,Belgium,EU,7556.0,1439.0,True
621,4687,BEL,Belgium,2020-04-29,49939.0,7773.0,81.48,11589616,42658.576,0.916,Belgium,WESTERN EUROPE                     ,30528.0,BEL2020-04-29,2020-04-29,Belgium,Member,30528.0,Member,17,Apr,Wednesday,120,20200429,True,1.6,0.0,15.6,379.6,4.0,Belgium,EU,4226.0,959.0,True
622,4694,BEL,Belgium,2020-05-06,52956.0,8374.0,78.7,11589616,42658.576,0.916,Belgium,WESTERN EUROPE                     ,30528.0,BEL2020-05-06,2020-05-06,Belgium,Member,30528.0,Member,18,May,Wednesday,127,20200506,True,1.7,0.0,15.8,379.6,4.0,Belgium,EU,3017.0,601.0,True
623,4701,BEL,Belgium,2020-05-13,55431.0,8828.0,75.0,11589616,42658.576,0.916,Belgium,WESTERN EUROPE                     ,30528.0,BEL2020-05-13,2020-05-13,Belgium,Member,30528.0,Member,19,May,Wednesday,134,20200513,True,1.8,0.0,15.9,379.6,4.0,Belgium,EU,2475.0,454.0,True
624,4708,BEL,Belgium,2020-05-20,57304.0,9077.0,75.0,11589616,42658.576,0.916,Belgium,WESTERN EUROPE                     ,30528.0,BEL2020-05-20,2020-05-20,Belgium,Member,30528.0,Member,20,May,Wednesday,141,20200520,True,1.9,0.0,15.8,379.6,4.0,Belgium,EU,1873.0,249.0,True
625,4715,BEL,Belgium,2020-05-27,58518.0,9284.0,75.0,11589616,42658.576,0.916,Belgium,WESTERN EUROPE                     ,30528.0,BEL2020-05-27,2020-05-27,Belgium,Member,30528.0,Member,21,May,Wednesday,148,20200527,True,1.9,0.0,15.9,379.6,4.0,Belgium,EU,1214.0,207.0,True
626,4722,BEL,Belgium,2020-06-03,59363.0,9435.0,75.0,11589616,42658.576,0.916,Belgium,WESTERN EUROPE                     ,30528.0,BEL2020-06-03,2020-06-03,Belgium,Member,30528.0,Member,22,Jun,Wednesday,155,20200603,True,1.9,0.0,15.9,379.6,4.0,Belgium,EU,845.0,151.0,True
964,7303,BGR,Bulgaria,2020-03-18,81.0,2.0,70.37,6948445,18563.307,0.813,Bulgaria,EASTERN EUROPE,110910.0,BGR2020-03-18,2020-03-18,Bulgaria,Member,110994.0,Member,11,Mar,Wednesday,78,20200318,True,0.0,0.0,2.5,62.6,4.0,Bulgaria,EU,,,True
965,7310,BGR,Bulgaria,2020-03-25,220.0,3.0,73.15,6948445,18563.307,0.813,Bulgaria,EASTERN EUROPE,110910.0,BGR2020-03-25,2020-03-25,Bulgaria,Member,110994.0,Member,12,Mar,Wednesday,85,20200325,True,0.0,0.0,1.4,62.6,4.0,Bulgaria,EU,139.0,1.0,True
966,7317,BGR,Bulgaria,2020-04-01,399.0,8.0,71.3,6948445,18563.307,0.813,Bulgaria,EASTERN EUROPE,110910.0,BGR2020-04-01,2020-04-01,Bulgaria,Member,110994.0,Member,13,Apr,Wednesday,92,20200401,True,0.0,0.0,2.0,62.6,4.0,Bulgaria,EU,179.0,5.0,True
967,7324,BGR,Bulgaria,2020-04-08,577.0,23.0,71.3,6948445,18563.307,0.813,Bulgaria,EASTERN EUROPE,110910.0,BGR2020-04-08,2020-04-08,Bulgaria,Member,110994.0,Member,14,Apr,Wednesday,99,20200408,True,0.0,0.0,4.0,62.6,4.0,Bulgaria,EU,178.0,15.0,True
968,7331,BGR,Bulgaria,2020-04-15,713.0,35.0,73.15,6948445,18563.307,0.813,Bulgaria,EASTERN EUROPE,110910.0,BGR2020-04-15,2020-04-15,Bulgaria,Member,110994.0,Member,15,Apr,Wednesday,106,20200415,True,0.0,0.0,4.9,62.6,4.0,Bulgaria,EU,136.0,12.0,True
969,7338,BGR,Bulgaria,2020-04-22,975.0,45.0,73.15,6948445,18563.307,0.813,Bulgaria,EASTERN EUROPE,110910.0,BGR2020-04-22,2020-04-22,Bulgaria,Member,110994.0,Member,16,Apr,Wednesday,113,20200422,True,0.0,0.0,4.6,62.6,4.0,Bulgaria,EU,262.0,10.0,True
970,7345,BGR,Bulgaria,2020-04-29,1399.0,58.0,73.15,6948445,18563.307,0.813,Bulgaria,EASTERN EUROPE,110910.0,BGR2020-04-29,2020-04-29,Bulgaria,Member,110994.0,Member,17,Apr,Wednesday,120,20200429,True,0.0,0.0,4.1,62.6,4.0,Bulgaria,EU,424.0,13.0,True
1491,11284,HRV,Croatia,2020-03-25,382.0,1.0,96.3,4105268,22669.797,0.831,Croatia,EASTERN EUROPE,56542.0,HRV2020-03-25,2020-03-25,Croatia,Member,56594.0,Member,12,Mar,Wednesday,85,20200325,True,0.0,0.0,0.3,72.6,5.0,Croatia,EU,313.0,,True
1492,11291,HRV,Croatia,2020-04-01,867.0,6.0,96.3,4105268,22669.797,0.831,Croatia,EASTERN EUROPE,56542.0,HRV2020-04-01,2020-04-01,Croatia,Member,56594.0,Member,13,Apr,Wednesday,92,20200401,True,0.0,0.0,0.7,72.6,5.0,Croatia,EU,485.0,5.0,True
1493,11298,HRV,Croatia,2020-04-08,1282.0,18.0,96.3,4105268,22669.797,0.831,Croatia,EASTERN EUROPE,56542.0,HRV2020-04-08,2020-04-08,Croatia,Member,56594.0,Member,14,Apr,Wednesday,99,20200408,True,0.0,0.0,1.4,72.6,5.0,Croatia,EU,415.0,12.0,True
1494,11305,HRV,Croatia,2020-04-15,1704.0,31.0,96.3,4105268,22669.797,0.831,Croatia,EASTERN EUROPE,56542.0,HRV2020-04-15,2020-04-15,Croatia,Member,56594.0,Member,15,Apr,Wednesday,106,20200415,True,0.0,0.0,1.8,72.6,5.0,Croatia,EU,422.0,13.0,True
1495,11312,HRV,Croatia,2020-04-22,1908.0,48.0,96.3,4105268,22669.797,0.831,Croatia,EASTERN EUROPE,56542.0,HRV2020-04-22,2020-04-22,Croatia,Member,56594.0,Member,16,Apr,Wednesday,113,20200422,True,0.0,0.0,2.5,72.6,5.0,Croatia,EU,204.0,17.0,True
1496,11319,HRV,Croatia,2020-04-29,2047.0,63.0,89.81,4105268,22669.797,0.831,Croatia,EASTERN EUROPE,56542.0,HRV2020-04-29,2020-04-29,Croatia,Member,56594.0,Member,17,Apr,Wednesday,120,20200429,True,0.0,0.0,3.1,72.6,4.0,Croatia,EU,139.0,15.0,True
1497,11326,HRV,Croatia,2020-05-06,2112.0,83.0,89.81,4105268,22669.797,0.831,Croatia,EASTERN EUROPE,56542.0,HRV2020-05-06,2020-05-06,Croatia,Member,56594.0,Member,18,May,Wednesday,127,20200506,True,0.0,0.0,3.9,72.6,4.0,Croatia,EU,65.0,20.0,True
1498,11333,HRV,Croatia,2020-05-13,2207.0,91.0,70.37,4105268,22669.797,0.831,Croatia,EASTERN EUROPE,56542.0,HRV2020-05-13,2020-05-13,Croatia,Member,56594.0,Member,19,May,Wednesday,134,20200513,True,0.0,0.0,4.1,72.6,4.0,Croatia,EU,95.0,8.0,True
1499,11340,HRV,Croatia,2020-05-20,2232.0,96.0,70.37,4105268,22669.797,0.831,Croatia,EASTERN EUROPE,56542.0,HRV2020-05-20,2020-05-20,Croatia,Member,56594.0,Member,20,May,Wednesday,141,20200520,True,0.0,0.0,4.3,72.6,4.0,Croatia,EU,25.0,5.0,True
1577,11941,CYP,Cyprus,2020-03-25,124.0,3.0,92.59,875899,32415.132,0.869,Cyprus,NEAR EAST,9250.0,CYP2020-03-25,2020-03-25,Cyprus,Member,9251.0,Member,12,Mar,Wednesday,85,20200325,True,0.0,0.0,2.4,94.7,5.0,Cyprus,EU,84.0,,True
1578,11948,CYP,Cyprus,2020-04-01,262.0,8.0,92.59,875899,32415.132,0.869,Cyprus,NEAR EAST,9250.0,CYP2020-04-01,2020-04-01,Cyprus,Member,9251.0,Member,13,Apr,Wednesday,92,20200401,True,0.0,0.0,3.1,94.7,5.0,Cyprus,EU,138.0,5.0,True
1579,11955,CYP,Cyprus,2020-04-08,494.0,9.0,92.59,875899,32415.132,0.869,Cyprus,NEAR EAST,9250.0,CYP2020-04-08,2020-04-08,Cyprus,Member,9251.0,Member,14,Apr,Wednesday,99,20200408,True,0.1,0.0,1.8,94.7,5.0,Cyprus,EU,232.0,1.0,True
1580,11962,CYP,Cyprus,2020-04-15,695.0,12.0,92.59,875899,32415.132,0.869,Cyprus,NEAR EAST,9250.0,CYP2020-04-15,2020-04-15,Cyprus,Member,9251.0,Member,15,Apr,Wednesday,106,20200415,True,0.1,0.0,1.7,94.7,5.0,Cyprus,EU,201.0,3.0,True
1581,11969,CYP,Cyprus,2020-04-22,784.0,12.0,94.44,875899,32415.132,0.869,Cyprus,NEAR EAST,9250.0,CYP2020-04-22,2020-04-22,Cyprus,Member,9251.0,Member,16,Apr,Wednesday,113,20200422,True,0.1,0.0,1.5,94.7,5.0,Cyprus,EU,89.0,0.0,True
1582,11976,CYP,Cyprus,2020-04-29,837.0,15.0,94.44,875899,32415.132,0.869,Cyprus,NEAR EAST,9250.0,CYP2020-04-29,2020-04-29,Cyprus,Member,9251.0,Member,17,Apr,Wednesday,120,20200429,True,0.1,0.0,1.8,94.7,5.0,Cyprus,EU,53.0,3.0,True
1583,11983,CYP,Cyprus,2020-05-06,878.0,15.0,92.59,875899,32415.132,0.869,Cyprus,NEAR EAST,9250.0,CYP2020-05-06,2020-05-06,Cyprus,Member,9251.0,Member,18,May,Wednesday,127,20200506,True,0.1,0.0,1.7,94.7,5.0,Cyprus,EU,41.0,0.0,True
1584,11990,CYP,Cyprus,2020-05-13,903.0,16.0,92.59,875899,32415.132,0.869,Cyprus,NEAR EAST,9250.0,CYP2020-05-13,2020-05-13,Cyprus,Member,9251.0,Member,19,May,Wednesday,134,20200513,True,0.1,0.0,1.8,94.7,5.0,Cyprus,EU,25.0,1.0,True
1585,11997,CYP,Cyprus,2020-05-20,918.0,17.0,92.59,875899,32415.132,0.869,Cyprus,NEAR EAST,9250.0,CYP2020-05-20,2020-05-20,Cyprus,Member,9251.0,Member,20,May,Wednesday,141,20200520,True,0.1,0.0,1.9,94.7,5.0,Cyprus,EU,15.0,1.0,True
1586,12004,CYP,Cyprus,2020-05-27,939.0,17.0,76.85,875899,32415.132,0.869,Cyprus,NEAR EAST,9250.0,CYP2020-05-27,2020-05-27,Cyprus,Member,9251.0,Member,21,May,Wednesday,148,20200527,True,0.1,0.0,1.8,94.7,4.0,Cyprus,EU,21.0,0.0,True
1587,12011,CYP,Cyprus,2020-06-03,952.0,17.0,76.85,875899,32415.132,0.869,Cyprus,NEAR EAST,9250.0,CYP2020-06-03,2020-06-03,Cyprus,Member,9251.0,Member,22,Jun,Wednesday,155,20200603,True,0.1,0.0,1.8,94.7,4.0,Cyprus,EU,13.0,0.0,True
1615,12228,CZE,Czech Republic,2020-03-18,434.0,,79.63,10708982,32605.906,0.888,Czech Republic,EASTERN EUROPE,78866.0,CZE2020-03-18,2020-03-18,Czech Republic,Member,78866.0,Member,11,Mar,Wednesday,78,20200318,True,0.0,0.0,,135.8,4.0,Czech Republic,EU,371.0,,True
1616,12235,CZE,Czech Republic,2020-03-25,1394.0,3.0,82.41,10708982,32605.906,0.888,Czech Republic,EASTERN EUROPE,78866.0,CZE2020-03-25,2020-03-25,Czech Republic,Member,78866.0,Member,12,Mar,Wednesday,85,20200325,True,0.0,0.0,0.2,135.8,4.0,Czech Republic,EU,960.0,,True
1617,12242,CZE,Czech Republic,2020-04-01,3308.0,31.0,82.41,10708982,32605.906,0.888,Czech Republic,EASTERN EUROPE,78866.0,CZE2020-04-01,2020-04-01,Czech Republic,Member,78866.0,Member,13,Apr,Wednesday,92,20200401,True,0.0,0.0,0.9,135.8,4.0,Czech Republic,EU,1914.0,28.0,True
1618,12249,CZE,Czech Republic,2020-04-08,5017.0,88.0,74.07,10708982,32605.906,0.888,Czech Republic,EASTERN EUROPE,78866.0,CZE2020-04-08,2020-04-08,Czech Republic,Member,78866.0,Member,14,Apr,Wednesday,99,20200408,True,0.1,0.0,1.8,135.8,4.0,Czech Republic,EU,1709.0,57.0,True
1619,12256,CZE,Czech Republic,2020-04-15,6141.0,161.0,71.3,10708982,32605.906,0.888,Czech Republic,EASTERN EUROPE,78866.0,CZE2020-04-15,2020-04-15,Czech Republic,Member,78866.0,Member,15,Apr,Wednesday,106,20200415,True,0.1,0.0,2.6,135.8,4.0,Czech Republic,EU,1124.0,73.0,True
1684,12743,DNK,Denmark,2020-03-18,1024.0,4.0,72.22,5792203,46682.515,0.929,Denmark,WESTERN EUROPE                     ,43094.0,DNK2020-03-18,2020-03-18,Denmark,Member,43075.0,Member,11,Mar,Wednesday,78,20200318,True,0.0,0.0,0.4,134.4,4.0,Denmark,EU,760.0,,True
1685,12750,DNK,Denmark,2020-03-25,1591.0,32.0,72.22,5792203,46682.515,0.929,Denmark,WESTERN EUROPE                     ,43094.0,DNK2020-03-25,2020-03-25,Denmark,Member,43075.0,Member,12,Mar,Wednesday,85,20200325,True,0.0,0.0,2.0,134.4,4.0,Denmark,EU,567.0,28.0,True
1686,12757,DNK,Denmark,2020-04-01,2860.0,90.0,72.22,5792203,46682.515,0.929,Denmark,WESTERN EUROPE                     ,43094.0,DNK2020-04-01,2020-04-01,Denmark,Member,43075.0,Member,13,Apr,Wednesday,92,20200401,True,0.1,0.0,3.1,134.4,4.0,Denmark,EU,1269.0,58.0,True
1687,12764,DNK,Denmark,2020-04-08,5071.0,203.0,72.22,5792203,46682.515,0.929,Denmark,WESTERN EUROPE                     ,43094.0,DNK2020-04-08,2020-04-08,Denmark,Member,43075.0,Member,14,Apr,Wednesday,99,20200408,True,0.1,0.0,4.0,134.4,4.0,Denmark,EU,2211.0,113.0,True
1983,15005,EST,Estonia,2020-04-01,745.0,4.0,77.78,1326539,29481.252,0.871,Estonia,BALTICS,45226.0,EST2020-04-01,2020-04-01,Estonia,Member,45227.0,Member,13,Apr,Wednesday,92,20200401,True,0.0,0.0,0.5,29.3,4.0,Estonia,EU,376.0,,True
1984,15012,EST,Estonia,2020-04-08,1149.0,21.0,77.78,1326539,29481.252,0.871,Estonia,BALTICS,45226.0,EST2020-04-08,2020-04-08,Estonia,Member,45227.0,Member,14,Apr,Wednesday,99,20200408,True,0.0,0.0,1.8,29.3,4.0,Estonia,EU,404.0,17.0,True
1985,15019,EST,Estonia,2020-04-15,1373.0,31.0,77.78,1326539,29481.252,0.871,Estonia,BALTICS,45226.0,EST2020-04-15,2020-04-15,Estonia,Member,45227.0,Member,15,Apr,Wednesday,106,20200415,True,0.0,0.0,2.3,29.3,4.0,Estonia,EU,224.0,10.0,True
1986,15026,EST,Estonia,2020-04-22,1552.0,43.0,77.78,1326539,29481.252,0.871,Estonia,BALTICS,45226.0,EST2020-04-22,2020-04-22,Estonia,Member,45227.0,Member,16,Apr,Wednesday,113,20200422,True,0.0,0.0,2.8,29.3,4.0,Estonia,EU,179.0,12.0,True
1987,15033,EST,Estonia,2020-04-29,1660.0,50.0,75.0,1326539,29481.252,0.871,Estonia,BALTICS,45226.0,EST2020-04-29,2020-04-29,Estonia,Member,45227.0,Member,17,Apr,Wednesday,120,20200429,True,0.0,0.0,3.0,29.3,4.0,Estonia,EU,108.0,7.0,True
1988,15040,EST,Estonia,2020-05-06,1711.0,55.0,75.0,1326539,29481.252,0.871,Estonia,BALTICS,45226.0,EST2020-05-06,2020-05-06,Estonia,Member,45227.0,Member,18,May,Wednesday,127,20200506,True,0.0,0.0,3.2,29.3,4.0,Estonia,EU,51.0,5.0,True
2179,16491,FRA,France,2020-03-18,7730.0,175.0,87.96,65273512,38605.671,0.901,France,WESTERN EUROPE                     ,547030.0,FRA2020-03-18,2020-03-18,France,Member,549087.0,Member,11,Mar,Wednesday,78,20200318,True,0.0,0.0,2.3,119.3,4.0,France,EU,5946.0,142.0,True
2180,16498,FRA,France,2020-03-25,22302.0,1100.0,87.96,65273512,38605.671,0.901,France,WESTERN EUROPE                     ,547030.0,FRA2020-03-25,2020-03-25,France,Member,549087.0,Member,12,Mar,Wednesday,85,20200325,True,0.0,0.0,4.9,119.3,4.0,France,EU,14572.0,925.0,True
2181,16505,FRA,France,2020-04-01,52128.0,3523.0,87.96,65273512,38605.671,0.901,France,WESTERN EUROPE                     ,547030.0,FRA2020-04-01,2020-04-01,France,Member,549087.0,Member,13,Apr,Wednesday,92,20200401,True,0.1,0.0,6.8,119.3,4.0,France,EU,29826.0,2423.0,True
2182,16512,FRA,France,2020-04-08,78167.0,10328.0,87.96,65273512,38605.671,0.901,France,WESTERN EUROPE                     ,547030.0,FRA2020-04-08,2020-04-08,France,Member,549087.0,Member,14,Apr,Wednesday,99,20200408,True,0.1,0.0,13.2,119.3,4.0,France,EU,26039.0,6805.0,True
2183,16519,FRA,France,2020-04-15,103573.0,15729.0,87.96,65273512,38605.671,0.901,France,WESTERN EUROPE                     ,547030.0,FRA2020-04-15,2020-04-15,France,Member,549087.0,Member,15,Apr,Wednesday,106,20200415,True,0.2,0.0,15.2,119.3,4.0,France,EU,25406.0,5401.0,True
2184,16526,FRA,France,2020-04-22,117324.0,20796.0,87.96,65273512,38605.671,0.901,France,WESTERN EUROPE                     ,547030.0,FRA2020-04-22,2020-04-22,France,Member,549087.0,Member,16,Apr,Wednesday,113,20200422,True,0.2,0.0,17.7,119.3,4.0,France,EU,13751.0,5067.0,True
2185,16533,FRA,France,2020-04-29,126835.0,23660.0,87.96,65273512,38605.671,0.901,France,WESTERN EUROPE                     ,547030.0,FRA2020-04-29,2020-04-29,France,Member,549087.0,Member,17,Apr,Wednesday,120,20200429,True,0.2,0.0,18.7,119.3,4.0,France,EU,9511.0,2864.0,True
2186,16540,FRA,France,2020-05-06,132967.0,25531.0,87.96,65273512,38605.671,0.901,France,WESTERN EUROPE                     ,547030.0,FRA2020-05-06,2020-05-06,France,Member,549087.0,Member,18,May,Wednesday,127,20200506,True,0.2,0.0,19.2,119.3,4.0,France,EU,6132.0,1871.0,True
2187,16547,FRA,France,2020-05-13,140227.0,26991.0,74.07,65273512,38605.671,0.901,France,WESTERN EUROPE                     ,547030.0,FRA2020-05-13,2020-05-13,France,Member,549087.0,Member,19,May,Wednesday,134,20200513,True,0.3,0.0,19.2,119.3,4.0,France,EU,7260.0,1460.0,True
2188,16554,FRA,France,2020-05-20,143427.0,28022.0,74.07,65273512,38605.671,0.901,France,WESTERN EUROPE                     ,547030.0,FRA2020-05-20,2020-05-20,France,Member,549087.0,Member,20,May,Wednesday,141,20200520,True,0.3,0.0,19.5,119.3,4.0,France,EU,3200.0,1031.0,True
2189,16561,FRA,France,2020-05-27,145555.0,28530.0,72.22,65273512,38605.671,0.901,France,WESTERN EUROPE                     ,547030.0,FRA2020-05-27,2020-05-27,France,Member,549087.0,Member,21,May,Wednesday,148,20200527,True,0.3,0.0,19.6,119.3,4.0,France,EU,2128.0,508.0,True
2344,17737,DEU,Germany,2020-03-25,31554.0,149.0,76.85,83783945,45229.245,0.936,Germany,WESTERN EUROPE                     ,357021.0,DEU2020-03-25,2020-03-25,Germany,Member,357021.0,Member,12,Mar,Wednesday,85,20200325,True,0.1,0.0,0.5,234.7,4.0,Germany,EU,24398.0,136.0,True
2345,17744,DEU,Germany,2020-04-01,67366.0,732.0,76.85,83783945,45229.245,0.936,Germany,WESTERN EUROPE                     ,357021.0,DEU2020-04-01,2020-04-01,Germany,Member,357021.0,Member,13,Apr,Wednesday,92,20200401,True,0.2,0.0,1.1,234.7,4.0,Germany,EU,35812.0,583.0,True
2346,17751,DEU,Germany,2020-04-08,103228.0,1861.0,76.85,83783945,45229.245,0.936,Germany,WESTERN EUROPE                     ,357021.0,DEU2020-04-08,2020-04-08,Germany,Member,357021.0,Member,14,Apr,Wednesday,99,20200408,True,0.3,0.0,1.8,234.7,4.0,Germany,EU,35862.0,1129.0,True
2347,17758,DEU,Germany,2020-04-15,127584.0,3254.0,76.85,83783945,45229.245,0.936,Germany,WESTERN EUROPE                     ,357021.0,DEU2020-04-15,2020-04-15,Germany,Member,357021.0,Member,15,Apr,Wednesday,106,20200415,True,0.4,0.0,2.6,234.7,4.0,Germany,EU,24356.0,1393.0,True
2348,17765,DEU,Germany,2020-04-22,145694.0,4879.0,76.85,83783945,45229.245,0.936,Germany,WESTERN EUROPE                     ,357021.0,DEU2020-04-22,2020-04-22,Germany,Member,357021.0,Member,16,Apr,Wednesday,113,20200422,True,0.4,0.0,3.3,234.7,4.0,Germany,EU,18110.0,1625.0,True
2349,17772,DEU,Germany,2020-04-29,157641.0,6115.0,76.85,83783945,45229.245,0.936,Germany,WESTERN EUROPE                     ,357021.0,DEU2020-04-29,2020-04-29,Germany,Member,357021.0,Member,17,Apr,Wednesday,120,20200429,True,0.4,0.0,3.9,234.7,4.0,Germany,EU,11947.0,1236.0,True
2440,18465,GRC,Greece,2020-03-25,743.0,20.0,84.26,10423056,24574.382,0.87,Greece,WESTERN EUROPE                     ,131940.0,GRC2020-03-25,2020-03-25,Greece,Member,131990.0,Member,12,Mar,Wednesday,85,20200325,True,0.0,0.0,2.7,79.0,4.0,Greece,EU,356.0,15.0,True
2441,18472,GRC,Greece,2020-04-01,1314.0,49.0,84.26,10423056,24574.382,0.87,Greece,WESTERN EUROPE                     ,131940.0,GRC2020-04-01,2020-04-01,Greece,Member,131990.0,Member,13,Apr,Wednesday,92,20200401,True,0.0,0.0,3.7,79.0,4.0,Greece,EU,571.0,29.0,True
2442,18479,GRC,Greece,2020-04-08,1832.0,81.0,84.26,10423056,24574.382,0.87,Greece,WESTERN EUROPE                     ,131940.0,GRC2020-04-08,2020-04-08,Greece,Member,131990.0,Member,14,Apr,Wednesday,99,20200408,True,0.0,0.0,4.4,79.0,4.0,Greece,EU,518.0,32.0,True
2443,18486,GRC,Greece,2020-04-15,2170.0,101.0,84.26,10423056,24574.382,0.87,Greece,WESTERN EUROPE                     ,131940.0,GRC2020-04-15,2020-04-15,Greece,Member,131990.0,Member,15,Apr,Wednesday,106,20200415,True,0.0,0.0,4.7,79.0,4.0,Greece,EU,338.0,20.0,True
2444,18493,GRC,Greece,2020-04-22,2401.0,121.0,84.26,10423056,24574.382,0.87,Greece,WESTERN EUROPE                     ,131940.0,GRC2020-04-22,2020-04-22,Greece,Member,131990.0,Member,16,Apr,Wednesday,113,20200422,True,0.0,0.0,5.0,79.0,4.0,Greece,EU,231.0,20.0,True
2445,18500,GRC,Greece,2020-04-29,2534.0,136.0,84.26,10423056,24574.382,0.87,Greece,WESTERN EUROPE                     ,131940.0,GRC2020-04-29,2020-04-29,Greece,Member,131990.0,Member,17,Apr,Wednesday,120,20200429,True,0.0,0.0,5.4,79.0,4.0,Greece,EU,133.0,15.0,True
2446,18507,GRC,Greece,2020-05-06,2642.0,146.0,72.22,10423056,24574.382,0.87,Greece,WESTERN EUROPE                     ,131940.0,GRC2020-05-06,2020-05-06,Greece,Member,131990.0,Member,18,May,Wednesday,127,20200506,True,0.0,0.0,5.5,79.0,4.0,Greece,EU,108.0,10.0,True
2764,20932,HUN,Hungary,2020-04-01,525.0,20.0,76.85,9660350,26777.561,0.838,Hungary,EASTERN EUROPE,93030.0,HUN2020-04-01,2020-04-01,Hungary,Member,93030.0,Member,13,Apr,Wednesday,92,20200401,True,0.0,0.0,3.8,103.8,4.0,Hungary,EU,299.0,10.0,True
2765,20939,HUN,Hungary,2020-04-08,895.0,58.0,76.85,9660350,26777.561,0.838,Hungary,EASTERN EUROPE,93030.0,HUN2020-04-08,2020-04-08,Hungary,Member,93030.0,Member,14,Apr,Wednesday,99,20200408,True,0.0,0.0,6.5,103.8,4.0,Hungary,EU,370.0,38.0,True
2766,20946,HUN,Hungary,2020-04-15,1579.0,134.0,76.85,9660350,26777.561,0.838,Hungary,EASTERN EUROPE,93030.0,HUN2020-04-15,2020-04-15,Hungary,Member,93030.0,Member,15,Apr,Wednesday,106,20200415,True,0.0,0.0,8.5,103.8,4.0,Hungary,EU,684.0,76.0,True
2767,20953,HUN,Hungary,2020-04-22,2168.0,225.0,76.85,9660350,26777.561,0.838,Hungary,EASTERN EUROPE,93030.0,HUN2020-04-22,2020-04-22,Hungary,Member,93030.0,Member,16,Apr,Wednesday,113,20200422,True,0.0,0.0,10.4,103.8,4.0,Hungary,EU,589.0,91.0,True
2768,20960,HUN,Hungary,2020-04-29,2727.0,300.0,76.85,9660350,26777.561,0.838,Hungary,EASTERN EUROPE,93030.0,HUN2020-04-29,2020-04-29,Hungary,Member,93030.0,Member,17,Apr,Wednesday,120,20200429,True,0.0,0.0,11.0,103.8,4.0,Hungary,EU,559.0,75.0,True
2998,22696,IRL,Ireland,2020-04-01,3235.0,71.0,85.19,4937796,67335.293,0.938,Ireland,WESTERN EUROPE                     ,70280.0,IRL2020-04-01,2020-04-01,Ireland,Member,70273.0,Member,13,Apr,Wednesday,92,20200401,True,0.0,0.0,2.2,70.3,4.0,Ireland,EU,1906.0,64.0,True
2999,22703,IRL,Ireland,2020-04-08,5709.0,210.0,90.74,4937796,67335.293,0.938,Ireland,WESTERN EUROPE                     ,70280.0,IRL2020-04-08,2020-04-08,Ireland,Member,70273.0,Member,14,Apr,Wednesday,99,20200408,True,0.1,0.0,3.7,70.3,5.0,Ireland,EU,2474.0,139.0,True
3000,22710,IRL,Ireland,2020-04-15,11479.0,406.0,90.74,4937796,67335.293,0.938,Ireland,WESTERN EUROPE                     ,70280.0,IRL2020-04-15,2020-04-15,Ireland,Member,70273.0,Member,15,Apr,Wednesday,106,20200415,True,0.2,0.0,3.5,70.3,5.0,Ireland,EU,5770.0,196.0,True
3001,22717,IRL,Ireland,2020-04-22,16040.0,730.0,90.74,4937796,67335.293,0.938,Ireland,WESTERN EUROPE                     ,70280.0,IRL2020-04-22,2020-04-22,Ireland,Member,70273.0,Member,16,Apr,Wednesday,113,20200422,True,0.2,0.0,4.6,70.3,5.0,Ireland,EU,4561.0,324.0,True
3002,22724,IRL,Ireland,2020-04-29,19877.0,1159.0,90.74,4937796,67335.293,0.938,Ireland,WESTERN EUROPE                     ,70280.0,IRL2020-04-29,2020-04-29,Ireland,Member,70273.0,Member,17,Apr,Wednesday,120,20200429,True,0.3,0.0,5.8,70.3,5.0,Ireland,EU,3837.0,429.0,True
3003,22731,IRL,Ireland,2020-05-06,21983.0,1339.0,90.74,4937796,67335.293,0.938,Ireland,WESTERN EUROPE                     ,70280.0,IRL2020-05-06,2020-05-06,Ireland,Member,70273.0,Member,18,May,Wednesday,127,20200506,True,0.3,0.0,6.1,70.3,5.0,Ireland,EU,2106.0,180.0,True
3004,22738,IRL,Ireland,2020-05-13,23242.0,1488.0,90.74,4937796,67335.293,0.938,Ireland,WESTERN EUROPE                     ,70280.0,IRL2020-05-13,2020-05-13,Ireland,Member,70273.0,Member,19,May,Wednesday,134,20200513,True,0.3,0.0,6.4,70.3,5.0,Ireland,EU,1259.0,149.0,True
3005,22745,IRL,Ireland,2020-05-20,24251.0,1561.0,83.33,4937796,67335.293,0.938,Ireland,WESTERN EUROPE                     ,70280.0,IRL2020-05-20,2020-05-20,Ireland,Member,70273.0,Member,20,May,Wednesday,141,20200520,True,0.3,0.0,6.4,70.3,4.0,Ireland,EU,1009.0,73.0,True
3006,22752,IRL,Ireland,2020-05-27,24735.0,1615.0,83.33,4937796,67335.293,0.938,Ireland,WESTERN EUROPE                     ,70280.0,IRL2020-05-27,2020-05-27,Ireland,Member,70273.0,Member,21,May,Wednesday,148,20200527,True,0.4,0.0,6.5,70.3,4.0,Ireland,EU,484.0,54.0,True
3007,22759,IRL,Ireland,2020-06-03,25066.0,1658.0,83.33,4937796,67335.293,0.938,Ireland,WESTERN EUROPE                     ,70280.0,IRL2020-06-03,2020-06-03,Ireland,Member,70273.0,Member,22,Jun,Wednesday,155,20200603,True,0.4,0.0,6.6,70.3,4.0,Ireland,EU,331.0,43.0,True
3008,22766,IRL,Ireland,2020-06-10,25215.0,1691.0,72.22,4937796,67335.293,0.938,Ireland,WESTERN EUROPE                     ,70280.0,IRL2020-06-10,2020-06-10,Ireland,Member,70273.0,Member,23,Jun,Wednesday,162,20200610,True,0.4,0.0,6.7,70.3,4.0,Ireland,EU,149.0,33.0,True
3009,22773,IRL,Ireland,2020-06-17,25334.0,1709.0,72.22,4937796,67335.293,0.938,Ireland,WESTERN EUROPE                     ,70280.0,IRL2020-06-17,2020-06-17,Ireland,Member,70273.0,Member,24,Jun,Wednesday,169,20200617,True,0.4,0.0,6.7,70.3,4.0,Ireland,EU,119.0,18.0,True
3010,22780,IRL,Ireland,2020-06-24,25391.0,1720.0,72.22,4937796,67335.293,0.938,Ireland,WESTERN EUROPE                     ,70280.0,IRL2020-06-24,2020-06-24,Ireland,Member,70273.0,Member,25,Jun,Wednesday,176,20200624,True,0.4,0.0,6.8,70.3,4.0,Ireland,EU,57.0,11.0,True
3018,22836,IRL,Ireland,2020-08-19,27499.0,1775.0,70.83,4937796,67335.293,0.938,Ireland,WESTERN EUROPE                     ,70280.0,IRL2020-08-19,2020-08-19,Ireland,Member,70273.0,Member,33,Aug,Wednesday,232,20200819,True,0.4,0.0,6.5,70.3,4.0,Ireland,EU,698.0,2.0,True
3019,22843,IRL,Ireland,2020-08-26,28201.0,1777.0,70.83,4937796,67335.293,0.938,Ireland,WESTERN EUROPE                     ,70280.0,IRL2020-08-26,2020-08-26,Ireland,Member,70273.0,Member,34,Aug,Wednesday,239,20200826,True,0.4,0.0,6.3,70.3,4.0,Ireland,EU,702.0,2.0,True
3020,22850,IRL,Ireland,2020-09-02,29025.0,1777.0,70.83,4937796,67335.293,0.938,Ireland,WESTERN EUROPE                     ,70280.0,IRL2020-09-02,2020-09-02,Ireland,Member,70273.0,Member,35,Sep,Wednesday,246,20200902,True,0.4,0.0,6.1,70.3,4.0,Ireland,EU,824.0,0.0,True
3021,22857,IRL,Ireland,2020-09-09,30080.0,1778.0,70.83,4937796,67335.293,0.938,Ireland,WESTERN EUROPE                     ,70280.0,IRL2020-09-09,2020-09-09,Ireland,Member,70273.0,Member,36,Sep,Wednesday,253,20200909,True,0.4,0.0,5.9,70.3,4.0,Ireland,EU,1055.0,1.0,True
3022,22864,IRL,Ireland,2020-09-16,31549.0,1787.0,70.83,4937796,67335.293,0.938,Ireland,WESTERN EUROPE                     ,70280.0,IRL2020-09-16,2020-09-16,Ireland,Member,70273.0,Member,37,Sep,Wednesday,260,20200916,True,0.4,0.0,5.7,70.3,4.0,Ireland,EU,1469.0,9.0,True
3100,23469,ITA,Italy,2020-03-04,2502.0,80.0,74.54,60461828,35220.084,0.88,Italy,WESTERN EUROPE                     ,301230.0,ITA2020-03-04,2020-03-04,Italy,Member,301338.0,Member,9,Mar,Wednesday,64,20200304,True,0.0,0.0,3.2,200.7,4.0,Italy,EU,2180.0,69.0,True
3101,23476,ITA,Italy,2020-03-11,10149.0,631.0,85.19,60461828,35220.084,0.88,Italy,WESTERN EUROPE                     ,301230.0,ITA2020-03-11,2020-03-11,Italy,Member,301338.0,Member,10,Mar,Wednesday,71,20200311,True,0.0,0.0,6.2,200.7,4.0,Italy,EU,7647.0,551.0,True
3102,23483,ITA,Italy,2020-03-18,31506.0,2505.0,85.19,60461828,35220.084,0.88,Italy,WESTERN EUROPE                     ,301230.0,ITA2020-03-18,2020-03-18,Italy,Member,301338.0,Member,11,Mar,Wednesday,78,20200318,True,0.1,0.0,8.0,200.7,4.0,Italy,EU,21357.0,1874.0,True
3103,23490,ITA,Italy,2020-03-25,69176.0,6820.0,91.67,60461828,35220.084,0.88,Italy,WESTERN EUROPE                     ,301230.0,ITA2020-03-25,2020-03-25,Italy,Member,301338.0,Member,12,Mar,Wednesday,85,20200325,True,0.2,0.0,9.9,200.7,5.0,Italy,EU,37670.0,4315.0,True
3104,23497,ITA,Italy,2020-04-01,105792.0,12430.0,91.67,60461828,35220.084,0.88,Italy,WESTERN EUROPE                     ,301230.0,ITA2020-04-01,2020-04-01,Italy,Member,301338.0,Member,13,Apr,Wednesday,92,20200401,True,0.4,0.0,11.7,200.7,5.0,Italy,EU,36616.0,5610.0,True
3105,23504,ITA,Italy,2020-04-08,135586.0,17129.0,91.67,60461828,35220.084,0.88,Italy,WESTERN EUROPE                     ,301230.0,ITA2020-04-08,2020-04-08,Italy,Member,301338.0,Member,14,Apr,Wednesday,99,20200408,True,0.5,0.0,12.6,200.7,5.0,Italy,EU,29794.0,4699.0,True
3106,23511,ITA,Italy,2020-04-15,162488.0,21069.0,93.52,60461828,35220.084,0.88,Italy,WESTERN EUROPE                     ,301230.0,ITA2020-04-15,2020-04-15,Italy,Member,301338.0,Member,15,Apr,Wednesday,106,20200415,True,0.5,0.0,13.0,200.7,5.0,Italy,EU,26902.0,3940.0,True
3107,23518,ITA,Italy,2020-04-22,183957.0,24648.0,93.52,60461828,35220.084,0.88,Italy,WESTERN EUROPE                     ,301230.0,ITA2020-04-22,2020-04-22,Italy,Member,301338.0,Member,16,Apr,Wednesday,113,20200422,True,0.6,0.0,13.4,200.7,5.0,Italy,EU,21469.0,3579.0,True
3108,23525,ITA,Italy,2020-04-29,201505.0,27359.0,93.52,60461828,35220.084,0.88,Italy,WESTERN EUROPE                     ,301230.0,ITA2020-04-29,2020-04-29,Italy,Member,301338.0,Member,17,Apr,Wednesday,120,20200429,True,0.7,0.0,13.6,200.7,5.0,Italy,EU,17548.0,2711.0,True
3630,27477,LTU,Lithuania,2020-03-18,25.0,0.0,81.48,2722291,29524.265,0.858,Lithuania,BALTICS,65200.0,LTU2020-03-18,2020-03-18,Lithuania,Member,65200.0,Member,11,Mar,Wednesday,78,20200318,True,0.0,0.0,0.0,41.8,4.0,Lithuania,EU,22.0,0.0,True
3631,27484,LTU,Lithuania,2020-03-25,209.0,2.0,81.48,2722291,29524.265,0.858,Lithuania,BALTICS,65200.0,LTU2020-03-25,2020-03-25,Lithuania,Member,65200.0,Member,12,Mar,Wednesday,85,20200325,True,0.0,0.0,1.0,41.8,4.0,Lithuania,EU,184.0,2.0,True
3632,27491,LTU,Lithuania,2020-04-01,533.0,7.0,81.48,2722291,29524.265,0.858,Lithuania,BALTICS,65200.0,LTU2020-04-01,2020-04-01,Lithuania,Member,65200.0,Member,13,Apr,Wednesday,92,20200401,True,0.0,0.0,1.3,41.8,4.0,Lithuania,EU,324.0,5.0,True
3633,27498,LTU,Lithuania,2020-04-08,880.0,15.0,81.48,2722291,29524.265,0.858,Lithuania,BALTICS,65200.0,LTU2020-04-08,2020-04-08,Lithuania,Member,65200.0,Member,14,Apr,Wednesday,99,20200408,True,0.0,0.0,1.7,41.8,4.0,Lithuania,EU,347.0,8.0,True
3634,27505,LTU,Lithuania,2020-04-15,1070.0,24.0,81.48,2722291,29524.265,0.858,Lithuania,BALTICS,65200.0,LTU2020-04-15,2020-04-15,Lithuania,Member,65200.0,Member,15,Apr,Wednesday,106,20200415,True,0.0,0.0,2.2,41.8,4.0,Lithuania,EU,190.0,9.0,True
3635,27512,LTU,Lithuania,2020-04-22,1370.0,38.0,81.48,2722291,29524.265,0.858,Lithuania,BALTICS,65200.0,LTU2020-04-22,2020-04-22,Lithuania,Member,65200.0,Member,16,Apr,Wednesday,113,20200422,True,0.0,0.0,2.8,41.8,4.0,Lithuania,EU,300.0,14.0,True
3636,27519,LTU,Lithuania,2020-04-29,1344.0,44.0,77.78,2722291,29524.265,0.858,Lithuania,BALTICS,65200.0,LTU2020-04-29,2020-04-29,Lithuania,Member,65200.0,Member,17,Apr,Wednesday,120,20200429,True,0.0,0.0,3.3,41.8,4.0,Lithuania,EU,-26.0,6.0,True
3637,27526,LTU,Lithuania,2020-05-06,1423.0,46.0,77.78,2722291,29524.265,0.858,Lithuania,BALTICS,65200.0,LTU2020-05-06,2020-05-06,Lithuania,Member,65200.0,Member,18,May,Wednesday,127,20200506,True,0.0,0.0,3.2,41.8,4.0,Lithuania,EU,79.0,2.0,True
3638,27533,LTU,Lithuania,2020-05-13,1491.0,50.0,75.0,2722291,29524.265,0.858,Lithuania,BALTICS,65200.0,LTU2020-05-13,2020-05-13,Lithuania,Member,65200.0,Member,19,May,Wednesday,134,20200513,True,0.0,0.0,3.4,41.8,4.0,Lithuania,EU,68.0,4.0,True
3639,27540,LTU,Lithuania,2020-05-20,1562.0,60.0,71.3,2722291,29524.265,0.858,Lithuania,BALTICS,65200.0,LTU2020-05-20,2020-05-20,Lithuania,Member,65200.0,Member,20,May,Wednesday,141,20200520,True,0.0,0.0,3.8,41.8,4.0,Lithuania,EU,71.0,10.0,True
3640,27547,LTU,Lithuania,2020-05-27,1639.0,65.0,71.3,2722291,29524.265,0.858,Lithuania,BALTICS,65200.0,LTU2020-05-27,2020-05-27,Lithuania,Member,65200.0,Member,21,May,Wednesday,148,20200527,True,0.0,0.0,4.0,41.8,4.0,Lithuania,EU,77.0,5.0,True
3669,27771,LUX,Luxembourg,2020-03-18,140.0,1.0,79.63,625976,94277.965,0.904,Luxembourg,WESTERN EUROPE                     ,2586.0,LUX2020-03-18,2020-03-18,Luxembourg,Member,2586.0,Member,11,Mar,Wednesday,78,20200318,True,0.1,0.0,0.7,242.1,4.0,Luxembourg,EU,133.0,,True
3670,27778,LUX,Luxembourg,2020-03-25,1099.0,8.0,79.63,625976,94277.965,0.904,Luxembourg,WESTERN EUROPE                     ,2586.0,LUX2020-03-25,2020-03-25,Luxembourg,Member,2586.0,Member,12,Mar,Wednesday,85,20200325,True,0.4,0.0,0.7,242.1,4.0,Luxembourg,EU,959.0,7.0,True
3671,27785,LUX,Luxembourg,2020-04-01,2178.0,23.0,79.63,625976,94277.965,0.904,Luxembourg,WESTERN EUROPE                     ,2586.0,LUX2020-04-01,2020-04-01,Luxembourg,Member,2586.0,Member,13,Apr,Wednesday,92,20200401,True,0.8,0.0,1.1,242.1,4.0,Luxembourg,EU,1079.0,15.0,True
3672,27792,LUX,Luxembourg,2020-04-08,2970.0,44.0,79.63,625976,94277.965,0.904,Luxembourg,WESTERN EUROPE                     ,2586.0,LUX2020-04-08,2020-04-08,Luxembourg,Member,2586.0,Member,14,Apr,Wednesday,99,20200408,True,1.1,0.0,1.5,242.1,4.0,Luxembourg,EU,792.0,21.0,True
3673,27799,LUX,Luxembourg,2020-04-15,3307.0,67.0,79.63,625976,94277.965,0.904,Luxembourg,WESTERN EUROPE                     ,2586.0,LUX2020-04-15,2020-04-15,Luxembourg,Member,2586.0,Member,15,Apr,Wednesday,106,20200415,True,1.3,0.0,2.0,242.1,4.0,Luxembourg,EU,337.0,23.0,True
3674,27806,LUX,Luxembourg,2020-04-22,3618.0,78.0,70.37,625976,94277.965,0.904,Luxembourg,WESTERN EUROPE                     ,2586.0,LUX2020-04-22,2020-04-22,Luxembourg,Member,2586.0,Member,16,Apr,Wednesday,113,20200422,True,1.4,0.0,2.2,242.1,4.0,Luxembourg,EU,311.0,11.0,True
3675,27813,LUX,Luxembourg,2020-04-29,3741.0,89.0,70.37,625976,94277.965,0.904,Luxembourg,WESTERN EUROPE                     ,2586.0,LUX2020-04-29,2020-04-29,Luxembourg,Member,2586.0,Member,17,Apr,Wednesday,120,20200429,True,1.4,0.0,2.4,242.1,4.0,Luxembourg,EU,123.0,11.0,True
3676,27820,LUX,Luxembourg,2020-05-06,3840.0,96.0,70.37,625976,94277.965,0.904,Luxembourg,WESTERN EUROPE                     ,2586.0,LUX2020-05-06,2020-05-06,Luxembourg,Member,2586.0,Member,18,May,Wednesday,127,20200506,True,1.5,0.0,2.5,242.1,4.0,Luxembourg,EU,99.0,7.0,True
4342,32853,NLD,Netherlands,2020-03-25,5560.0,276.0,74.07,17134873,48472.545,0.931,Netherlands,WESTERN EUROPE                     ,41526.0,NLD2020-03-25,2020-03-25,Netherlands,Member,41543.0,Member,12,Mar,Wednesday,85,20200325,True,0.1,0.0,5.0,412.6,4.0,Netherlands,EU,3855.0,233.0,True
4343,32860,NLD,Netherlands,2020-04-01,12595.0,1039.0,79.63,17134873,48472.545,0.931,Netherlands,WESTERN EUROPE                     ,41526.0,NLD2020-04-01,2020-04-01,Netherlands,Member,41543.0,Member,13,Apr,Wednesday,92,20200401,True,0.3,0.0,8.2,412.6,4.0,Netherlands,EU,7035.0,763.0,True
4344,32867,NLD,Netherlands,2020-04-08,19580.0,2101.0,79.63,17134873,48472.545,0.931,Netherlands,WESTERN EUROPE                     ,41526.0,NLD2020-04-08,2020-04-08,Netherlands,Member,41543.0,Member,14,Apr,Wednesday,99,20200408,True,0.5,0.0,10.7,412.6,4.0,Netherlands,EU,6985.0,1062.0,True
4345,32874,NLD,Netherlands,2020-04-15,27419.0,2945.0,79.63,17134873,48472.545,0.931,Netherlands,WESTERN EUROPE                     ,41526.0,NLD2020-04-15,2020-04-15,Netherlands,Member,41543.0,Member,15,Apr,Wednesday,106,20200415,True,0.7,0.0,10.7,412.6,4.0,Netherlands,EU,7839.0,844.0,True
4346,32881,NLD,Netherlands,2020-04-22,34134.0,3916.0,79.63,17134873,48472.545,0.931,Netherlands,WESTERN EUROPE                     ,41526.0,NLD2020-04-22,2020-04-22,Netherlands,Member,41543.0,Member,16,Apr,Wednesday,113,20200422,True,0.8,0.0,11.5,412.6,4.0,Netherlands,EU,6715.0,971.0,True
4347,32888,NLD,Netherlands,2020-04-29,38416.0,4566.0,79.63,17134873,48472.545,0.931,Netherlands,WESTERN EUROPE                     ,41526.0,NLD2020-04-29,2020-04-29,Netherlands,Member,41543.0,Member,17,Apr,Wednesday,120,20200429,True,0.9,0.0,11.9,412.6,4.0,Netherlands,EU,4282.0,650.0,True
4348,32895,NLD,Netherlands,2020-05-06,41087.0,5168.0,79.63,17134873,48472.545,0.931,Netherlands,WESTERN EUROPE                     ,41526.0,NLD2020-05-06,2020-05-06,Netherlands,Member,41543.0,Member,18,May,Wednesday,127,20200506,True,1.0,0.0,12.6,412.6,4.0,Netherlands,EU,2671.0,602.0,True
4868,36823,POL,Poland,2020-04-01,2311.0,33.0,81.48,37846605,27216.445,0.865,Poland,EASTERN EUROPE,312685.0,POL2020-04-01,2020-04-01,Poland,Member,312685.0,Member,13,Apr,Wednesday,92,20200401,True,0.0,0.0,1.4,121.0,4.0,Poland,EU,1410.0,23.0,True
4869,36830,POL,Poland,2020-04-08,4848.0,129.0,81.48,37846605,27216.445,0.865,Poland,EASTERN EUROPE,312685.0,POL2020-04-08,2020-04-08,Poland,Member,312685.0,Member,14,Apr,Wednesday,99,20200408,True,0.0,0.0,2.7,121.0,4.0,Poland,EU,2537.0,96.0,True
4870,36837,POL,Poland,2020-04-15,7202.0,263.0,83.33,37846605,27216.445,0.865,Poland,EASTERN EUROPE,312685.0,POL2020-04-15,2020-04-15,Poland,Member,312685.0,Member,15,Apr,Wednesday,106,20200415,True,0.0,0.0,3.7,121.0,4.0,Poland,EU,2354.0,134.0,True
4871,36844,POL,Poland,2020-04-22,9856.0,401.0,83.33,37846605,27216.445,0.865,Poland,EASTERN EUROPE,312685.0,POL2020-04-22,2020-04-22,Poland,Member,312685.0,Member,16,Apr,Wednesday,113,20200422,True,0.0,0.0,4.1,121.0,4.0,Poland,EU,2654.0,138.0,True
4872,36851,POL,Poland,2020-04-29,12218.0,596.0,83.33,37846605,27216.445,0.865,Poland,EASTERN EUROPE,312685.0,POL2020-04-29,2020-04-29,Poland,Member,312685.0,Member,17,Apr,Wednesday,120,20200429,True,0.0,0.0,4.9,121.0,4.0,Poland,EU,2362.0,195.0,True
4873,36858,POL,Poland,2020-05-06,14431.0,716.0,83.33,37846605,27216.445,0.865,Poland,EASTERN EUROPE,312685.0,POL2020-05-06,2020-05-06,Poland,Member,312685.0,Member,18,May,Wednesday,127,20200506,True,0.0,0.0,5.0,121.0,4.0,Poland,EU,2213.0,120.0,True
4874,36865,POL,Poland,2020-05-13,16921.0,839.0,83.33,37846605,27216.445,0.865,Poland,EASTERN EUROPE,312685.0,POL2020-05-13,2020-05-13,Poland,Member,312685.0,Member,19,May,Wednesday,134,20200513,True,0.1,0.0,5.0,121.0,4.0,Poland,EU,2490.0,123.0,True
4875,36872,POL,Poland,2020-05-20,19268.0,948.0,83.33,37846605,27216.445,0.865,Poland,EASTERN EUROPE,312685.0,POL2020-05-20,2020-05-20,Poland,Member,312685.0,Member,20,May,Wednesday,141,20200520,True,0.1,0.0,4.9,121.0,4.0,Poland,EU,2347.0,109.0,True
4876,36879,POL,Poland,2020-05-27,22074.0,1024.0,79.63,37846605,27216.445,0.865,Poland,EASTERN EUROPE,312685.0,POL2020-05-27,2020-05-27,Poland,Member,312685.0,Member,21,May,Wednesday,148,20200527,True,0.1,0.0,4.6,121.0,4.0,Poland,EU,2806.0,76.0,True
4898,37049,PRT,Portugal,2020-03-25,2362.0,33.0,82.41,10196707,27936.896,0.847,Portugal,WESTERN EUROPE                     ,92391.0,PRT2020-03-25,2020-03-25,Portugal,Member,92390.0,Member,12,Mar,Wednesday,85,20200325,True,0.0,0.0,1.4,110.4,4.0,Portugal,EU,1914.0,32.0,True
4899,37056,PRT,Portugal,2020-04-01,7443.0,160.0,82.41,10196707,27936.896,0.847,Portugal,WESTERN EUROPE                     ,92391.0,PRT2020-04-01,2020-04-01,Portugal,Member,92390.0,Member,13,Apr,Wednesday,92,20200401,True,0.1,0.0,2.1,110.4,4.0,Portugal,EU,5081.0,127.0,True
4900,37063,PRT,Portugal,2020-04-08,12442.0,345.0,82.41,10196707,27936.896,0.847,Portugal,WESTERN EUROPE                     ,92391.0,PRT2020-04-08,2020-04-08,Portugal,Member,92390.0,Member,14,Apr,Wednesday,99,20200408,True,0.1,0.0,2.8,110.4,4.0,Portugal,EU,4999.0,185.0,True
4901,37070,PRT,Portugal,2020-04-15,17448.0,567.0,82.41,10196707,27936.896,0.847,Portugal,WESTERN EUROPE                     ,92391.0,PRT2020-04-15,2020-04-15,Portugal,Member,92390.0,Member,15,Apr,Wednesday,106,20200415,True,0.2,0.0,3.2,110.4,4.0,Portugal,EU,5006.0,222.0,True
4902,37077,PRT,Portugal,2020-04-22,21379.0,762.0,82.41,10196707,27936.896,0.847,Portugal,WESTERN EUROPE                     ,92391.0,PRT2020-04-22,2020-04-22,Portugal,Member,92390.0,Member,16,Apr,Wednesday,113,20200422,True,0.2,0.0,3.6,110.4,4.0,Portugal,EU,3931.0,195.0,True
4903,37084,PRT,Portugal,2020-04-29,24324.0,973.0,82.41,10196707,27936.896,0.847,Portugal,WESTERN EUROPE                     ,92391.0,PRT2020-04-29,2020-04-29,Portugal,Member,92390.0,Member,17,Apr,Wednesday,120,20200429,True,0.3,0.0,4.0,110.4,4.0,Portugal,EU,2945.0,211.0,True
4904,37091,PRT,Portugal,2020-05-06,25702.0,1074.0,75.0,10196707,27936.896,0.847,Portugal,WESTERN EUROPE                     ,92391.0,PRT2020-05-06,2020-05-06,Portugal,Member,92390.0,Member,18,May,Wednesday,127,20200506,True,0.3,0.0,4.2,110.4,4.0,Portugal,EU,1378.0,101.0,True
4905,37098,PRT,Portugal,2020-05-13,27913.0,1163.0,75.0,10196707,27936.896,0.847,Portugal,WESTERN EUROPE                     ,92391.0,PRT2020-05-13,2020-05-13,Portugal,Member,92390.0,Member,19,May,Wednesday,134,20200513,True,0.3,0.0,4.2,110.4,4.0,Portugal,EU,2211.0,89.0,True
4906,37105,PRT,Portugal,2020-05-20,29432.0,1247.0,71.3,10196707,27936.896,0.847,Portugal,WESTERN EUROPE                     ,92391.0,PRT2020-05-20,2020-05-20,Portugal,Member,92390.0,Member,20,May,Wednesday,141,20200520,True,0.3,0.0,4.2,110.4,4.0,Portugal,EU,1519.0,84.0,True
4907,37112,PRT,Portugal,2020-05-27,31007.0,1342.0,71.3,10196707,27936.896,0.847,Portugal,WESTERN EUROPE                     ,92391.0,PRT2020-05-27,2020-05-27,Portugal,Member,92390.0,Member,21,May,Wednesday,148,20200527,True,0.3,0.0,4.3,110.4,4.0,Portugal,EU,1575.0,95.0,True
4908,37119,PRT,Portugal,2020-06-03,32895.0,1436.0,71.3,10196707,27936.896,0.847,Portugal,WESTERN EUROPE                     ,92391.0,PRT2020-06-03,2020-06-03,Portugal,Member,92390.0,Member,22,Jun,Wednesday,155,20200603,True,0.4,0.0,4.4,110.4,4.0,Portugal,EU,1888.0,94.0,True
4912,37147,PRT,Portugal,2020-07-01,42141.0,1576.0,72.69,10196707,27936.896,0.847,Portugal,WESTERN EUROPE                     ,92391.0,PRT2020-07-01,2020-07-01,Portugal,Member,92390.0,Member,26,Jul,Wednesday,183,20200701,True,0.5,0.0,3.7,110.4,4.0,Portugal,EU,2404.0,36.0,True
4913,37154,PRT,Portugal,2020-07-08,44416.0,1629.0,71.3,10196707,27936.896,0.847,Portugal,WESTERN EUROPE                     ,92391.0,PRT2020-07-08,2020-07-08,Portugal,Member,92390.0,Member,27,Jul,Wednesday,190,20200708,True,0.5,0.0,3.7,110.4,4.0,Portugal,EU,2275.0,53.0,True
4914,37161,PRT,Portugal,2020-07-15,47051.0,1668.0,71.3,10196707,27936.896,0.847,Portugal,WESTERN EUROPE                     ,92391.0,PRT2020-07-15,2020-07-15,Portugal,Member,92390.0,Member,28,Jul,Wednesday,197,20200715,True,0.5,0.0,3.5,110.4,4.0,Portugal,EU,2635.0,39.0,True
4915,37168,PRT,Portugal,2020-07-22,48898.0,1697.0,71.76,10196707,27936.896,0.847,Portugal,WESTERN EUROPE                     ,92391.0,PRT2020-07-22,2020-07-22,Portugal,Member,92390.0,Member,29,Jul,Wednesday,204,20200722,True,0.5,0.0,3.5,110.4,4.0,Portugal,EU,1847.0,29.0,True
5003,37843,ROU,Romania,2020-03-25,762.0,11.0,78.7,19237682,23313.199,0.811,Romania,EASTERN EUROPE,237500.0,ROU2020-03-25,2020-03-25,Romania,Member,238391.0,Member,12,Mar,Wednesday,85,20200325,True,0.0,0.0,1.4,81.0,4.0,Romania,EU,545.0,,True
5004,37850,ROU,Romania,2020-04-01,2245.0,69.0,87.04,19237682,23313.199,0.811,Romania,EASTERN EUROPE,237500.0,ROU2020-04-01,2020-04-01,Romania,Member,238391.0,Member,13,Apr,Wednesday,92,20200401,True,0.0,0.0,3.1,81.0,4.0,Romania,EU,1483.0,58.0,True
5005,37857,ROU,Romania,2020-04-08,4417.0,182.0,87.04,19237682,23313.199,0.811,Romania,EASTERN EUROPE,237500.0,ROU2020-04-08,2020-04-08,Romania,Member,238391.0,Member,14,Apr,Wednesday,99,20200408,True,0.0,0.0,4.1,81.0,4.0,Romania,EU,2172.0,113.0,True
5006,37864,ROU,Romania,2020-04-15,6879.0,344.0,87.04,19237682,23313.199,0.811,Romania,EASTERN EUROPE,237500.0,ROU2020-04-15,2020-04-15,Romania,Member,238391.0,Member,15,Apr,Wednesday,106,20200415,True,0.0,0.0,5.0,81.0,4.0,Romania,EU,2462.0,162.0,True
5007,37871,ROU,Romania,2020-04-22,9242.0,483.0,87.04,19237682,23313.199,0.811,Romania,EASTERN EUROPE,237500.0,ROU2020-04-22,2020-04-22,Romania,Member,238391.0,Member,16,Apr,Wednesday,113,20200422,True,0.0,0.0,5.2,81.0,4.0,Romania,EU,2363.0,139.0,True
5008,37878,ROU,Romania,2020-04-29,11616.0,650.0,87.04,19237682,23313.199,0.811,Romania,EASTERN EUROPE,237500.0,ROU2020-04-29,2020-04-29,Romania,Member,238391.0,Member,17,Apr,Wednesday,120,20200429,True,0.0,0.0,5.6,81.0,4.0,Romania,EU,2374.0,167.0,True
5009,37885,ROU,Romania,2020-05-06,13837.0,827.0,87.04,19237682,23313.199,0.811,Romania,EASTERN EUROPE,237500.0,ROU2020-05-06,2020-05-06,Romania,Member,238391.0,Member,18,May,Wednesday,127,20200506,True,0.1,0.0,6.0,81.0,4.0,Romania,EU,2221.0,177.0,True
5010,37892,ROU,Romania,2020-05-13,15778.0,1002.0,78.7,19237682,23313.199,0.811,Romania,EASTERN EUROPE,237500.0,ROU2020-05-13,2020-05-13,Romania,Member,238391.0,Member,19,May,Wednesday,134,20200513,True,0.1,0.0,6.4,81.0,4.0,Romania,EU,1941.0,175.0,True
5011,37899,ROU,Romania,2020-05-20,17191.0,1126.0,75.0,19237682,23313.199,0.811,Romania,EASTERN EUROPE,237500.0,ROU2020-05-20,2020-05-20,Romania,Member,238391.0,Member,20,May,Wednesday,141,20200520,True,0.1,0.0,6.5,81.0,4.0,Romania,EU,1413.0,124.0,True
5012,37906,ROU,Romania,2020-05-27,18429.0,1210.0,75.0,19237682,23313.199,0.811,Romania,EASTERN EUROPE,237500.0,ROU2020-05-27,2020-05-27,Romania,Member,238391.0,Member,21,May,Wednesday,148,20200527,True,0.1,0.0,6.6,81.0,4.0,Romania,EU,1238.0,84.0,True
5467,41353,SVK,Slovakia,2020-03-18,97.0,,75.0,5459643,30155.152,0.855,Slovakia,EASTERN EUROPE,48845.0,SVK2020-03-18,2020-03-18,Slovakia,Member,49035.0,Member,11,Mar,Wednesday,78,20200318,True,0.0,0.0,,111.8,4.0,Slovakia,EU,90.0,,True
5468,41360,SVK,Slovakia,2020-03-25,204.0,,75.0,5459643,30155.152,0.855,Slovakia,EASTERN EUROPE,48845.0,SVK2020-03-25,2020-03-25,Slovakia,Member,49035.0,Member,12,Mar,Wednesday,85,20200325,True,0.0,0.0,,111.8,4.0,Slovakia,EU,107.0,,True
5469,41367,SVK,Slovakia,2020-04-01,363.0,,75.0,5459643,30155.152,0.855,Slovakia,EASTERN EUROPE,48845.0,SVK2020-04-01,2020-04-01,Slovakia,Member,49035.0,Member,13,Apr,Wednesday,92,20200401,True,0.0,0.0,,111.8,4.0,Slovakia,EU,159.0,,True
5470,41374,SVK,Slovakia,2020-04-08,581.0,2.0,87.04,5459643,30155.152,0.855,Slovakia,EASTERN EUROPE,48845.0,SVK2020-04-08,2020-04-08,Slovakia,Member,49035.0,Member,14,Apr,Wednesday,99,20200408,True,0.0,0.0,0.3,111.8,4.0,Slovakia,EU,218.0,,True
5471,41381,SVK,Slovakia,2020-04-15,835.0,2.0,75.0,5459643,30155.152,0.855,Slovakia,EASTERN EUROPE,48845.0,SVK2020-04-15,2020-04-15,Slovakia,Member,49035.0,Member,15,Apr,Wednesday,106,20200415,True,0.0,0.0,0.2,111.8,4.0,Slovakia,EU,254.0,0.0,True
5472,41388,SVK,Slovakia,2020-04-22,1199.0,14.0,73.15,5459643,30155.152,0.855,Slovakia,EASTERN EUROPE,48845.0,SVK2020-04-22,2020-04-22,Slovakia,Member,49035.0,Member,16,Apr,Wednesday,113,20200422,True,0.0,0.0,1.2,111.8,4.0,Slovakia,EU,364.0,12.0,True
5473,41395,SVK,Slovakia,2020-04-29,1384.0,20.0,73.15,5459643,30155.152,0.855,Slovakia,EASTERN EUROPE,48845.0,SVK2020-04-29,2020-04-29,Slovakia,Member,49035.0,Member,17,Apr,Wednesday,120,20200429,True,0.0,0.0,1.4,111.8,4.0,Slovakia,EU,185.0,6.0,True
5474,41402,SVK,Slovakia,2020-05-06,1421.0,25.0,73.15,5459643,30155.152,0.855,Slovakia,EASTERN EUROPE,48845.0,SVK2020-05-06,2020-05-06,Slovakia,Member,49035.0,Member,18,May,Wednesday,127,20200506,True,0.0,0.0,1.8,111.8,4.0,Slovakia,EU,37.0,5.0,True
5475,41409,SVK,Slovakia,2020-05-13,1465.0,27.0,73.15,5459643,30155.152,0.855,Slovakia,EASTERN EUROPE,48845.0,SVK2020-05-13,2020-05-13,Slovakia,Member,49035.0,Member,19,May,Wednesday,134,20200513,True,0.0,0.0,1.8,111.8,4.0,Slovakia,EU,44.0,2.0,True
5476,41416,SVK,Slovakia,2020-05-20,1495.0,28.0,73.15,5459643,30155.152,0.855,Slovakia,EASTERN EUROPE,48845.0,SVK2020-05-20,2020-05-20,Slovakia,Member,49035.0,Member,20,May,Wednesday,141,20200520,True,0.0,0.0,1.9,111.8,4.0,Slovakia,EU,30.0,1.0,True
5477,41423,SVK,Slovakia,2020-05-27,1513.0,28.0,73.15,5459643,30155.152,0.855,Slovakia,EASTERN EUROPE,48845.0,SVK2020-05-27,2020-05-27,Slovakia,Member,49035.0,Member,21,May,Wednesday,148,20200527,True,0.0,0.0,1.9,111.8,4.0,Slovakia,EU,18.0,0.0,True
5498,41588,SVN,Slovenia,2020-03-25,480.0,3.0,78.7,2078932,31400.84,0.896,Slovenia,EASTERN EUROPE,20273.0,SVN2020-03-25,2020-03-25,Slovenia,Member,20273.0,Member,12,Mar,Wednesday,85,20200325,True,0.0,0.0,0.6,102.5,4.0,Slovenia,EU,205.0,2.0,True
5499,41595,SVN,Slovenia,2020-04-01,814.0,13.0,89.81,2078932,31400.84,0.896,Slovenia,EASTERN EUROPE,20273.0,SVN2020-04-01,2020-04-01,Slovenia,Member,20273.0,Member,13,Apr,Wednesday,92,20200401,True,0.0,0.0,1.6,102.5,4.0,Slovenia,EU,334.0,10.0,True
5500,41602,SVN,Slovenia,2020-04-08,1055.0,36.0,89.81,2078932,31400.84,0.896,Slovenia,EASTERN EUROPE,20273.0,SVN2020-04-08,2020-04-08,Slovenia,Member,20273.0,Member,14,Apr,Wednesday,99,20200408,True,0.1,0.0,3.4,102.5,4.0,Slovenia,EU,241.0,23.0,True
5501,41609,SVN,Slovenia,2020-04-15,1220.0,56.0,89.81,2078932,31400.84,0.896,Slovenia,EASTERN EUROPE,20273.0,SVN2020-04-15,2020-04-15,Slovenia,Member,20273.0,Member,15,Apr,Wednesday,106,20200415,True,0.1,0.0,4.6,102.5,4.0,Slovenia,EU,165.0,20.0,True
5502,41616,SVN,Slovenia,2020-04-22,1340.0,77.0,86.11,2078932,31400.84,0.896,Slovenia,EASTERN EUROPE,20273.0,SVN2020-04-22,2020-04-22,Slovenia,Member,20273.0,Member,16,Apr,Wednesday,113,20200422,True,0.1,0.0,5.7,102.5,4.0,Slovenia,EU,120.0,21.0,True
5503,41623,SVN,Slovenia,2020-04-29,1408.0,86.0,86.11,2078932,31400.84,0.896,Slovenia,EASTERN EUROPE,20273.0,SVN2020-04-29,2020-04-29,Slovenia,Member,20273.0,Member,17,Apr,Wednesday,120,20200429,True,0.1,0.0,6.1,102.5,4.0,Slovenia,EU,68.0,9.0,True
5504,41630,SVN,Slovenia,2020-05-06,1448.0,98.0,75.0,2078932,31400.84,0.896,Slovenia,EASTERN EUROPE,20273.0,SVN2020-05-06,2020-05-06,Slovenia,Member,20273.0,Member,18,May,Wednesday,127,20200506,True,0.1,0.0,6.8,102.5,4.0,Slovenia,EU,40.0,12.0,True
5664,42843,ESP,Spain,2020-03-18,17688.0,491.0,71.76,46754783,34272.36,0.891,Spain,WESTERN EUROPE                     ,504782.0,ESP2020-03-18,2020-03-18,Spain,Member,504030.0,Member,11,Mar,Wednesday,78,20200318,True,0.0,0.0,2.8,92.6,4.0,Spain,EU,14414.0,456.0,True
5665,42850,ESP,Spain,2020-03-25,57506.0,2696.0,71.76,46754783,34272.36,0.891,Spain,WESTERN EUROPE                     ,504782.0,ESP2020-03-25,2020-03-25,Spain,Member,504030.0,Member,12,Mar,Wednesday,85,20200325,True,0.1,0.0,4.7,92.6,4.0,Spain,EU,39818.0,2205.0,True
5666,42857,ESP,Spain,2020-04-01,111680.0,8189.0,85.19,46754783,34272.36,0.891,Spain,WESTERN EUROPE                     ,504782.0,ESP2020-04-01,2020-04-01,Spain,Member,504030.0,Member,13,Apr,Wednesday,92,20200401,True,0.2,0.0,7.3,92.6,4.0,Spain,EU,54174.0,5493.0,True
5667,42864,ESP,Spain,2020-04-08,153190.0,13798.0,85.19,46754783,34272.36,0.891,Spain,WESTERN EUROPE                     ,504782.0,ESP2020-04-08,2020-04-08,Spain,Member,504030.0,Member,14,Apr,Wednesday,99,20200408,True,0.3,0.0,9.0,92.6,4.0,Spain,EU,41510.0,5609.0,True
5668,42871,ESP,Spain,2020-04-15,182491.0,18276.0,85.19,46754783,34272.36,0.891,Spain,WESTERN EUROPE                     ,504782.0,ESP2020-04-15,2020-04-15,Spain,Member,504030.0,Member,15,Apr,Wednesday,106,20200415,True,0.4,0.0,10.0,92.6,4.0,Spain,EU,29301.0,4478.0,True
5669,42878,ESP,Spain,2020-04-22,200733.0,21717.0,85.19,46754783,34272.36,0.891,Spain,WESTERN EUROPE                     ,504782.0,ESP2020-04-22,2020-04-22,Spain,Member,504030.0,Member,16,Apr,Wednesday,113,20200422,True,0.4,0.0,10.8,92.6,4.0,Spain,EU,18242.0,3441.0,True
5670,42885,ESP,Spain,2020-04-29,213942.0,24275.0,85.19,46754783,34272.36,0.891,Spain,WESTERN EUROPE                     ,504782.0,ESP2020-04-29,2020-04-29,Spain,Member,504030.0,Member,17,Apr,Wednesday,120,20200429,True,0.4,0.0,11.3,92.6,4.0,Spain,EU,13209.0,2558.0,True
5671,42892,ESP,Spain,2020-05-06,221124.0,25857.0,81.94,46754783,34272.36,0.891,Spain,WESTERN EUROPE                     ,504782.0,ESP2020-05-06,2020-05-06,Spain,Member,504030.0,Member,18,May,Wednesday,127,20200506,True,0.4,0.0,11.7,92.6,4.0,Spain,EU,7182.0,1582.0,True
5672,42899,ESP,Spain,2020-05-13,228691.0,27104.0,83.33,46754783,34272.36,0.891,Spain,WESTERN EUROPE                     ,504782.0,ESP2020-05-13,2020-05-13,Spain,Member,504030.0,Member,19,May,Wednesday,134,20200513,True,0.5,0.0,11.9,92.6,4.0,Spain,EU,7567.0,1247.0,True
5673,42906,ESP,Spain,2020-05-20,232555.0,27888.0,79.17,46754783,34272.36,0.891,Spain,WESTERN EUROPE                     ,504782.0,ESP2020-05-20,2020-05-20,Spain,Member,504030.0,Member,20,May,Wednesday,141,20200520,True,0.5,0.0,12.0,92.6,4.0,Spain,EU,3864.0,784.0,True
6337,47912,GBR,United Kingdom,2020-03-25,12650.0,512.0,79.63,67886004,39753.244,0.922,United Kingdom,WESTERN EUROPE                     ,244820.0,GBR2020-03-25,2020-03-25,United Kingdom,Member,243610.0,Member,12,Mar,Wednesday,85,20200325,True,0.1,0.0,4.0,277.3,4.0,United Kingdom,EU,8992.0,430.0,True
6338,47919,GBR,United Kingdom,2020-04-01,33954.0,2453.0,79.63,67886004,39753.244,0.922,United Kingdom,WESTERN EUROPE                     ,244820.0,GBR2020-04-01,2020-04-01,United Kingdom,Member,243610.0,Member,13,Apr,Wednesday,92,20200401,True,0.1,0.0,7.2,277.3,4.0,United Kingdom,EU,21304.0,1941.0,True
6339,47926,GBR,United Kingdom,2020-04-08,66054.0,7545.0,79.63,67886004,39753.244,0.922,United Kingdom,WESTERN EUROPE                     ,244820.0,GBR2020-04-08,2020-04-08,United Kingdom,Member,243610.0,Member,14,Apr,Wednesday,99,20200408,True,0.3,0.0,11.4,277.3,4.0,United Kingdom,EU,32100.0,5092.0,True
6340,47933,GBR,United Kingdom,2020-04-15,97052.0,14113.0,79.63,67886004,39753.244,0.922,United Kingdom,WESTERN EUROPE                     ,244820.0,GBR2020-04-15,2020-04-15,United Kingdom,Member,243610.0,Member,15,Apr,Wednesday,106,20200415,True,0.4,0.0,14.5,277.3,4.0,United Kingdom,EU,30998.0,6568.0,True
6341,47940,GBR,United Kingdom,2020-04-22,130119.0,20273.0,79.63,67886004,39753.244,0.922,United Kingdom,WESTERN EUROPE                     ,244820.0,GBR2020-04-22,2020-04-22,United Kingdom,Member,243610.0,Member,16,Apr,Wednesday,113,20200422,True,0.5,0.0,15.6,277.3,4.0,United Kingdom,EU,33067.0,6160.0,True
6342,47947,GBR,United Kingdom,2020-04-29,162421.0,25280.0,79.63,67886004,39753.244,0.922,United Kingdom,WESTERN EUROPE                     ,244820.0,GBR2020-04-29,2020-04-29,United Kingdom,Member,243610.0,Member,17,Apr,Wednesday,120,20200429,True,0.7,0.0,15.6,277.3,4.0,United Kingdom,EU,32302.0,5007.0,True
6343,47954,GBR,United Kingdom,2020-05-06,191895.0,29216.0,79.63,67886004,39753.244,0.922,United Kingdom,WESTERN EUROPE                     ,244820.0,GBR2020-05-06,2020-05-06,United Kingdom,Member,243610.0,Member,18,May,Wednesday,127,20200506,True,0.8,0.0,15.2,277.3,4.0,United Kingdom,EU,29474.0,3936.0,True
6344,47961,GBR,United Kingdom,2020-05-13,214306.0,32193.0,71.3,67886004,39753.244,0.922,United Kingdom,WESTERN EUROPE                     ,244820.0,GBR2020-05-13,2020-05-13,United Kingdom,Member,243610.0,Member,19,May,Wednesday,134,20200513,True,0.9,0.0,15.0,277.3,4.0,United Kingdom,EU,22411.0,2977.0,True
6345,47968,GBR,United Kingdom,2020-05-20,232675.0,34466.0,71.3,67886004,39753.244,0.922,United Kingdom,WESTERN EUROPE                     ,244820.0,GBR2020-05-20,2020-05-20,United Kingdom,Member,243610.0,Member,20,May,Wednesday,141,20200520,True,1.0,0.0,14.8,277.3,4.0,United Kingdom,EU,18369.0,2273.0,True
6346,47975,GBR,United Kingdom,2020-05-27,247596.0,36192.0,71.3,67886004,39753.244,0.922,United Kingdom,WESTERN EUROPE                     ,244820.0,GBR2020-05-27,2020-05-27,United Kingdom,Member,243610.0,Member,21,May,Wednesday,148,20200527,True,1.0,0.0,14.6,277.3,4.0,United Kingdom,EU,14921.0,1726.0,True
6348,47989,GBR,United Kingdom,2020-06-10,265859.0,38861.0,73.15,67886004,39753.244,0.922,United Kingdom,WESTERN EUROPE                     ,244820.0,GBR2020-06-10,2020-06-10,United Kingdom,Member,243610.0,Member,23,Jun,Wednesday,162,20200610,True,1.1,0.0,14.6,277.3,4.0,United Kingdom,EU,7824.0,1081.0,True
6349,47996,GBR,United Kingdom,2020-06-17,273040.0,39515.0,71.3,67886004,39753.244,0.922,United Kingdom,WESTERN EUROPE                     ,244820.0,GBR2020-06-17,2020-06-17,United Kingdom,Member,243610.0,Member,24,Jun,Wednesday,169,20200617,True,1.1,0.0,14.5,277.3,4.0,United Kingdom,EU,7181.0,654.0,True
6350,48003,GBR,United Kingdom,2020-06-24,279390.0,39986.0,71.3,67886004,39753.244,0.922,United Kingdom,WESTERN EUROPE                     ,244820.0,GBR2020-06-24,2020-06-24,United Kingdom,Member,243610.0,Member,25,Jun,Wednesday,176,20200624,True,1.1,0.0,14.3,277.3,4.0,United Kingdom,EU,6350.0,471.0,True
6351,48010,GBR,United Kingdom,2020-07-01,284271.0,40394.0,71.3,67886004,39753.244,0.922,United Kingdom,WESTERN EUROPE                     ,244820.0,GBR2020-07-01,2020-07-01,United Kingdom,Member,243610.0,Member,26,Jul,Wednesday,183,20200701,True,1.2,0.0,14.2,277.3,4.0,United Kingdom,EU,4881.0,408.0,True
